<?xml version="1.0" encoding="UTF-8"?>
<!DOCTYPE hibernate-configuration PUBLIC "-//Hibernate/Hibernate Configuration DTD 3.0//EN" "http://hibernate.sourceforge.net/hibernate-configuration-3.0.dtd">
<hibernate-configuration>
  <session-factory>
    <property name="hibernate.connection.driver_class">com.mysql.jdbc.Driver</property>
    <property name="hibernate.connection.url">jdbc:mysql://localhost/ejemploh</property>
    <!--<property name="hibernate.connection.url">jdbc:mysql://localhost/ciclismo</property>-->		<!-- Cambiar basededatos por nombre de la base de datos -->
    <property name="hibernate.connection.username">root</property>							            <!-- Nombre de usuario de la base de datos -->
    <property name="hibernate.connection.password">root</property>						              <!-- Contraseña de usuario de la base de datos -->
    <property name="hibernate.dialect">org.hibernate.dialect.MySQL5Dialect</property>
    <property name="hibernate.show_sql">true</property>

    <!-- Se registran las clases que hay que mapear con cada tabla de la base de datos -->
    <mapping class="org.iesabastos.dam.datos.rubengallegodelaasuncion.ejemploh.Empleado"/>
    <mapping class="org.iesabastos.dam.datos.rubengallegodelaasuncion.ejemploh.Departamento"/>
    <mapping class="org.iesabastos.dam.datos.rubengallegodelaasuncion.Utils.HibernateUtil"/>
    <mapping class="org.iesabastos.dam.datos.rubengallegodelaasuncion.ciclismo.Ciclista"/>
    <mapping class="org.iesabastos.dam.datos.rubengallegodelaasuncion.ciclismo.Equipo"/>
    <mapping class="org.iesabastos.dam.datos.rubengallegodelaasuncion.ciclismo.Etapa"/>
    <mapping class="org.iesabastos.dam.datos.rubengallegodelaasuncion.ciclismo.Puerto"/>
    <!-- Fin registro de clases mapeadas -->
   </session-factory>
</hibernate-configuration>