[{"id":0,"name":"Demon Souls","developer":"FromSoftware","synopsis":"prepare to die","launchYear":2012,"img":"0.jpg"},{"id":1,"name":"Dark Souls","developer":"FromSoftware","synopsis":"prepare to die","launchYear":2012,"img":"1.jpg"},{"id":2,"name":"Dark Souls 2","developer":"FromSoftware","synopsis":"prepare to die","launchYear":2012,"img":"2.jpg"},{"id":3,"name":"Dark Souls 3","developer":"FromSoftware","synopsis":"prepare to die","launchYear":2012,"img":"3.jpg"},{"id":4,"name":"Elden Ring","developer":"FromSoftware","synopsis":"prepare to die","launchYear":2012,"img":"4.jpg"}]