<odoo>
    <data>
        <!--datos demo aeropuerto-->
        <record id="aeropuerto1" model="gallego.aeropuerto">
            <field name="name">Panama Air</field>
            <field name="capacity">3000</field>
            <field name="location">Panama</field>
            <field name="color">Verde</field>
            <field name="employees">200</field>
        </record>
        <record id="aeropuerto2" model="gallego.aeropuerto">
            <field name="name">Argentina Air</field>
            <field name="capacity">2000</field>
            <field name="location">Argentina</field>
            <field name="color">Amarillo</field>
            <field name="employees">150</field>
        </record>
        <record id="aeropuerto3" model="gallego.aeropuerto">
            <field name="name">Brasil Air</field>
            <field name="capacity">3750</field>
            <field name="location">Brasil</field>
            <field name="color">Azul</field>
            <field name="employees">300</field>
        </record>
        <!--datos terminal-->
        <record id="terminal1" model="gallego.terminal">
            <field name="name">Mariposa</field>
            <field name="capacity">200</field>
            <field name="location">Sur</field>
            <field name="color">Azul</field>
            <field name="employee">Pepe</field>
            <field name="id_aeropuerto" ref="aeropuerto1"/>
        </record>
        <record id="terminal2" model="gallego.terminal">
            <field name="name">Cienpies</field>
            <field name="capacity">225</field>
            <field name="location">Este</field>
            <field name="color">Verde</field>
            <field name="employee">Maria</field>
            <field name="id_aeropuerto" ref="aeropuerto2"/>
        </record>
        <record id="terminal3" model="gallego.terminal">
            <field name="name">Araña</field>
            <field name="capacity">125</field>
            <field name="location">Norte</field>
            <field name="color">Naranja</field>
            <field name="employee">Jose Manuel</field>
            <field name="id_aeropuerto" ref="aeropuerto3"/>
        </record>
        <!--datos puerta-->
        <record id="puerta1" model="gallego.puerta">
            <field name="name">P1</field>
            <field name="numero">1</field>
            <field name="color">Verde</field>
            <field name="zona">AB</field>
            <field name="direccion">Avion</field>
            <field name="terminal_id" ref="terminal1"/>
        </record>
        <record id="puerta2" model="gallego.puerta">
            <field name="name">P2</field>
            <field name="numero">2</field>
            <field name="color">Azul</field>
            <field name="zona">BC</field>
            <field name="direccion">Avion</field>
            <field name="terminal_id" ref="terminal1"/>
        </record>
        <record id="puerta3" model="gallego.puerta">
            <field name="name">P3</field>
            <field name="numero">3</field>
            <field name="color">Rojo</field>
            <field name="zona">CD</field>
            <field name="direccion">Terminal</field>
            <field name="terminal_id" ref="terminal3"/>
        </record>
        <!--datos avion-->
        <record id="avion1" model="gallego.avion">
            <field name="name">Avion 1</field>
            <field name="matricula">1111AAA</field>
            <field name="empresa">Sonsoles</field>
            <field name="combustible">2000</field>
        </record>
        <record id="avion2" model="gallego.avion">
            <field name="name">Avion 2</field>
            <field name="matricula">2222BBB</field>
            <field name="empresa">Margaruta</field>
            <field name="combustible">2000</field>
        </record>
        <record id="avion3" model="gallego.avion">
            <field name="name">Avion 3</field>
            <field name="matricula">3333CCC</field>
            <field name="empresa">Dolores</field>
            <field name="combustible">200</field>
        </record>
        <!--datos avion-puerta-->
        <record id="avPu1" model="gallego.avion_puerta">
            <field name="name">P1</field>
            <field name="numero">1</field>
            <field name="direccion">salida</field>
            <field name="fecha">2023-1-13</field>
            <field name="puerta_id" ref="puerta1"/>
            <field name="avion_id" ref="avion1"/>
        </record>
        <record id="avPu2" model="gallego.avion_puerta">
            <field name="name">P2</field>
            <field name="numero">2</field>
            <field name="direccion">salida</field>
            <field name="fecha">2023-1-14</field>
            <field name="puerta_id" ref="puerta2"/>
            <field name="avion_id" ref="avion2"/>
        </record>
        <record id="avPu3" model="gallego.avion_puerta">
            <field name="name">P3</field>
            <field name="numero">3</field>
            <field name="direccion">entrada</field>
            <field name="fecha">2023-1-15</field>
            <field name="puerta_id" ref="puerta3"/>
            <field name="avion_id" ref="avion3"/>
        </record>
    </data>
</odoo>